insert into address (id, address_line1, address_line2, city, postal_code) values (1, 'ul. Wyszyńskiego 66/11', '-', 'Wrocław', '50-332');
insert into address (id, address_line1, address_line2, city, postal_code) values (2, 'ul. Mickiewicza 12/5', '-', 'Poznań', '60-767');
insert into address (id, address_line1, address_line2, city, postal_code) values (3, 'ul. Sienkiewicza 23/7', '-', 'Kraków', '30-084');
insert into address (id, address_line1, address_line2, city, postal_code) values (4, 'ul. Piłsudskiego 34', '-', 'Warszawa', '00-098');
insert into address (id, address_line1, address_line2, city, postal_code) values (5, 'ul. Kościuszki 11/3', '-', 'Gdańsk', '80-451');
insert into address (id, address_line1, address_line2, city, postal_code) values (6, 'ul. Reymonta 78/4', '-', 'Łódź', '90-349');
insert into address (id, address_line1, address_line2, city, postal_code) values (7, 'ul. Norwida 9', '-', 'Lublin', '20-410');
insert into address (id, address_line1, address_line2, city, postal_code) values (8, 'ul. Górna 15/6', '-', 'Katowice', '40-137');
insert into address (id, address_line1, address_line2, city, postal_code) values (9, 'ul. Zielona 5', '-', 'Szczecin', '70-235');
insert into address (id, address_line1, address_line2, city, postal_code) values (10, 'ul. Długa 101', '-', 'Bydgoszcz', '85-090');
insert into address (id, address_line1, address_line2, city, postal_code) values (11, 'ul. Krótka 3/2', '-', 'Gdynia', '81-354');
insert into address (id, address_line1, address_line2, city, postal_code) values (12, 'ul. Prosta 18/9', '-', 'Rzeszów', '35-310');
insert into address (id, address_line1, address_line2, city, postal_code) values (13, 'ul. Malinowa 7', '-', 'Opole', '45-222');
insert into address (id, address_line1, address_line2, city, postal_code) values (14, 'ul. Kwiatowa 12/4', '-', 'Białystok', '15-222');
insert into address (id, address_line1, address_line2, city, postal_code) values (15, 'ul. Chmielna 8', '-', 'Toruń', '87-100');
insert into address (id, address_line1, address_line2, city, postal_code) values (16, 'ul. Wierzbowa 3/1', '-', 'Zielona Góra', '65-120');
insert into address (id, address_line1, address_line2, city, postal_code) values (17, 'ul. Poprzeczna 9', '-', 'Kielce', '25-552');
insert into address (id, address_line1, address_line2, city, postal_code) values (18, 'ul. Słoneczna 22/8', '-', 'Olsztyn', '10-200');
insert into address (id, address_line1, address_line2, city, postal_code) values (19, 'ul. Jasna 1', '-', 'Gliwice', '44-100');
insert into address (id, address_line1, address_line2, city, postal_code) values (20, 'ul. Leśna 16/4', '-', 'Koszalin', '75-122');

insert into doctor (id, first_name, last_name, telephone_number, email, doctor_number, specialization, address_id) values (1, 'Jan', 'Kowalski', '500100200', 'jan.kowalski@example.com', 'D12345', 'Cardiology', 1);
insert into doctor (id, first_name, last_name, telephone_number, email, doctor_number, specialization, address_id) values (2, 'Anna', 'Nowak', '510200300', 'anna.nowak@example.com', 'D54321', 'Pediatrics', 2);
insert into doctor (id, first_name, last_name, telephone_number, email, doctor_number, specialization, address_id) values (3, 'Piotr', 'Wiśniewski', '520300400', 'piotr.wisniewski@example.com', 'D67890', 'Neurology', 3);
insert into doctor (id, first_name, last_name, telephone_number, email, doctor_number, specialization, address_id) values (4, 'Maria', 'Kowalczyk', '530400500', 'maria.kowalczyk@example.com', 'D09876', 'Dermatology', 4);
insert into doctor (id, first_name, last_name, telephone_number, email, doctor_number, specialization, address_id) values (5, 'Krzysztof', 'Kamiński', '540500600', 'krzysztof.kaminski@example.com', 'D56789', 'Orthopedics', 5);
insert into doctor (id, first_name, last_name, telephone_number, email, doctor_number, specialization, address_id) values (6, 'Ewa', 'Wójcik', '550600700', 'ewa.wojcik@example.com', 'D45678', 'Gynecology', 6);
insert into doctor (id, first_name, last_name, telephone_number, email, doctor_number, specialization, address_id) values (7, 'Tomasz', 'Zieliński', '560700800', 'tomasz.zielinski@example.com', 'D34567', 'Oncology', 7);
insert into doctor (id, first_name, last_name, telephone_number, email, doctor_number, specialization, address_id) values (8, 'Agnieszka', 'Szymańska', '570800900', 'agnieszka.szymanska@example.com', 'D23456', 'Psychiatry', 8);
insert into doctor (id, first_name, last_name, telephone_number, email, doctor_number, specialization, address_id) values (9, 'Marek', 'Woźniak', '580900100', 'marek.wozniak@example.com', 'D12367', 'Radiology', 9);
insert into doctor (id, first_name, last_name, telephone_number, email, doctor_number, specialization, address_id) values (10, 'Joanna', 'Mazur', '590100200', 'joanna.mazur@example.com', 'D76543', 'Urology', 10);

insert into patient (id, first_name, last_name, telephone_number, email, patient_number, date_of_birth, address_id) values (1, 'Adam', 'Nowicki', '600111222', 'adam.nowicki@example.com', 'P001', '1985-04-15', 11);
insert into patient (id, first_name, last_name, telephone_number, email, patient_number, date_of_birth, address_id) values (2, 'Katarzyna', 'Wiśniewska', '610222333', 'katarzyna.wisniewska@example.com', 'P002', '1990-06-20', 12);
insert into patient (id, first_name, last_name, telephone_number, email, patient_number, date_of_birth, address_id) values (3, 'Michał', 'Lewandowski', '620333444', 'michal.lewandowski@example.com', 'P003', '1978-12-10', 13);
insert into patient (id, first_name, last_name, telephone_number, email, patient_number, date_of_birth, address_id) values (4, 'Joanna', 'Kamińska', '630444555', 'joanna.kaminska@example.com', 'P004', '1989-03-22', 14);
insert into patient (id, first_name, last_name, telephone_number, email, patient_number, date_of_birth, address_id) values (5, 'Paweł', 'Zieliński', '640555666', 'pawel.zielinski@example.com', 'P005', '1975-07-08', 15);
insert into patient (id, first_name, last_name, telephone_number, email, patient_number, date_of_birth, address_id) values (6, 'Anna', 'Wójcik', '650666777', 'anna.wojcik@example.com', 'P006', '1982-09-30', 16);

insert into visit (id, description, time, doctor_id, patient_id) values (1, 'Regularne badanie kontrolne', '2024-01-05 10:00:00', 1, 1);
insert into visit (id, description, time, doctor_id, patient_id) values (2, 'Wizyta kontrolna', '2024-01-06 11:00:00', 2, 2);
insert into visit (id, description, time, doctor_id, patient_id) values (3, 'Konsultacja wstępna', '2024-01-07 09:30:00', 3, 3);
insert into visit (id, description, time, doctor_id, patient_id) values (4, 'Rutynowe badanie', '2024-01-08 14:00:00', 4, 4);
insert into visit (id, description, time, doctor_id, patient_id) values (5, 'Ocena ortopedyczna', '2024-01-09 15:00:00', 5, 5);
insert into visit (id, description, time, doctor_id, patient_id) values (6, 'Badanie ginekologiczne', '2024-01-10 16:00:00', 6, 6);
insert into visit (id, description, time, doctor_id, patient_id) values (7, 'Konsultacja onkologiczna', '2024-01-11 13:00:00', 7, 1);
insert into visit (id, description, time, doctor_id, patient_id) values (8, 'Kontrola psychiatryczna', '2024-01-12 10:00:00', 8, 2);
insert into visit (id, description, time, doctor_id, patient_id) values (9, 'Analiza radiologiczna', '2024-01-13 11:00:00', 9, 3);
insert into visit (id, description, time, doctor_id, patient_id) values (10, 'Badanie urologiczne', '2024-01-14 12:00:00', 10, 4);
insert into visit (id, description, time, doctor_id, patient_id) values (11, 'Kontrola kardiologiczna', '2024-01-15 09:00:00', 1, 5);
insert into visit (id, description, time, doctor_id, patient_id) values (12, 'Badanie pediatryczne', '2024-01-16 08:30:00', 2, 6);
insert into visit (id, description, time, doctor_id, patient_id) values (13, 'Ocena neurologiczna', '2024-01-17 14:30:00', 3, 1);
insert into visit (id, description, time, doctor_id, patient_id) values (14, 'Badanie dermatologiczne', '2024-01-18 15:30:00', 4, 2);
insert into visit (id, description, time, doctor_id, patient_id) values (15, 'Terapia ortopedyczna', '2024-01-19 13:30:00', 5, 3);
insert into visit (id, description, time, doctor_id, patient_id) values (16, 'Konsultacja ginekologiczna', '2024-01-20 14:30:00', 6, 4);
insert into visit (id, description, time, doctor_id, patient_id) values (17, 'Kontrola onkologiczna', '2024-01-21 10:30:00', 7, 5);
insert into visit (id, description, time, doctor_id, patient_id) values (18, 'Terapia psychologiczna', '2024-01-22 11:30:00', 8, 6);
insert into visit (id, description, time, doctor_id, patient_id) values (19, 'Sesja obrazowa', '2024-01-23 09:00:00', 9, 1);
insert into visit (id, description, time, doctor_id, patient_id) values (20, 'Leczenie urologiczne', '2024-01-24 08:00:00', 10, 2);

insert into medical_treatment (id, description, type, visit_id) values (1, 'Monitorowanie ciśnienia krwi', 'Procedura', 1);
insert into medical_treatment (id, description, type, visit_id) values (2, 'Szczepienie', 'Procedura', 2);
insert into medical_treatment (id, description, type, visit_id) values (3, 'Rezonans magnetyczny', 'Diagnostyka', 3);
insert into medical_treatment (id, description, type, visit_id) values (4, 'Biopsja skóry', 'Procedura', 4);
insert into medical_treatment (id, description, type, visit_id) values (5, 'Zdjęcie rentgenowskie', 'Diagnostyka', 5);
insert into medical_treatment (id, description, type, visit_id) values (6, 'Cytologia', 'Badanie przesiewowe', 6);
insert into medical_treatment (id, description, type, visit_id) values (7, 'Sesja chemioterapii', 'Terapia', 7);
insert into medical_treatment (id, description, type, visit_id) values (8, 'Terapia poznawczo-behawioralna', 'Terapia', 8);
insert into medical_treatment (id, description, type, visit_id) values (9, 'Ultrasonografia', 'Diagnostyka', 9);
insert into medical_treatment (id, description, type, visit_id) values (10, 'Badanie funkcji nerek', 'Diagnostyka', 10);
insert into medical_treatment (id, description, type, visit_id) values (11, 'Test wysiłkowy serca', 'Diagnostyka', 11);
insert into medical_treatment (id, description, type, visit_id) values (12, 'Szczepienie dziecięce', 'Profilaktyka', 12);
insert into medical_treatment (id, description, type, visit_id) values (13, 'EEG', 'Diagnostyka', 13);
insert into medical_treatment (id, description, type, visit_id) values (14, 'Usunięcie znamienia', 'Procedura', 14);
insert into medical_treatment (id, description, type, visit_id) values (15, 'Sesja fizjoterapii', 'Terapia', 15);
insert into medical_treatment (id, description, type, visit_id) values (16, 'Terapia hormonalna', 'Terapia', 16);
insert into medical_treatment (id, description, type, visit_id) values (17, 'Tomografia komputerowa', 'Diagnostyka', 17);
insert into medical_treatment (id, description, type, visit_id) values (18, 'Ocena psychologiczna', 'Ocena', 18);
insert into medical_treatment (id, description, type, visit_id) values (19, 'Skan całego ciała', 'Diagnostyka', 19);
insert into medical_treatment (id, description, type, visit_id) values (20, 'Operacja pęcherza', 'Procedura', 20);
